id,phrase,english,sourceTheme,evidence,sourceId,sourceCategory,rightsStatus,reviewBasis,decision,reviewCode,lifecycle,proposedPhrase,proposedEnglish,editorialTheme,emotionTheme,semanticCluster,cadenceGroup,englishStatus,dispatchStatus,dispatchConstraint,reviewerNote,reviewReason
sb_1,今日锦鲤,"Lucky koi, today",好运祝福,official_text,S01,external_observed,external_source_recorded_no_clearance_claim,fresh_initial_content_review,retire,awkward_or_generic,retired,,,blessing,luck_blessing,daily_observation,short_blessing,archived,rule,[],,退出：表达生硬、偏泛或缺少可感知的画面与关系
sb_2,文艺青年,Artsy soul,身份标签,official_text,S01,external_observed,external_source_recorded_no_clearance_claim,fresh_initial_content_review,keep,approved_initial,active,,,wordplay,playful_meme,playful_wordplay,wordplay_social,approved,rule,[],,保留：短句自然，有人味，能在静屏上独立成立
sb_3,都挺好,All's well enough,流行文化与安慰,official_text,S01,external_observed,external_source_recorded_no_clearance_claim,fresh_initial_content_review,keep,approved_initial,active,,,wordplay,playful_meme,playful_wordplay,wordplay_social,approved,rule,[],,保留：短句自然，有人味，能在静屏上独立成立
sb_4,小天使啊,Little angel,亲昵身份,reported_order,S02,external_observed,external_source_recorded_no_clearance_claim,fresh_initial_content_review,retire,context_or_ip_dependency,retired,,,wordplay,playful_meme,playful_wordplay,wordplay_social,archived,rule,[],,退出：依赖身份、IP、联名、方言或网络语境，离开原场景后失真
sb_5,能力不嫌多,Skills never hurt,鼓励,reported_test,S03,external_observed,external_source_recorded_no_clearance_claim,fresh_initial_content_review,retire,slogan_or_template,retired,,,daily_observation,daily_romance,daily_observation,stance_sentence,archived,rule,[],,退出：广告、励志口号或社交媒体模板感过强
sb_6,锦鲤本鲤,Koi incarnate,好运身份,reported_ugc,S04,external_observed,external_source_recorded_no_clearance_claim,fresh_initial_content_review,retire,context_or_ip_dependency,retired,,,wordplay,playful_meme,playful_wordplay,wordplay_social,archived,rule,[],,退出：依赖身份、IP、联名、方言或网络语境，离开原场景后失真
sb_7,凌波微步,Light on water,武侠玩梗,reported_ugc,S04,external_observed,external_source_recorded_no_clearance_claim,fresh_initial_content_review,retire,context_or_ip_dependency,retired,,,wordplay,playful_meme,playful_wordplay,wordplay_social,archived,rule,[],,退出：依赖身份、IP、联名、方言或网络语境，离开原场景后失真
sb_8,魅力四射,Radiant charm,自我肯定,reported_ugc,S04,external_observed,external_source_recorded_no_clearance_claim,fresh_initial_content_review,retire,awkward_or_generic,retired,,,self_stance,light_comfort,daily_observation,short_state,archived,rule,[],,退出：表达生硬、偏泛或缺少可感知的画面与关系
sb_9,这么优秀,So brilliant,自我肯定,reported_ugc,S04,external_observed,external_source_recorded_no_clearance_claim,fresh_initial_content_review,keep,approved_initial,active,,,self_stance,light_comfort,daily_observation,short_state,approved,rule,[],,保留：短句自然，有人味，能在静屏上独立成立
sb_10,鸟语蝉鸣,Birdsong and cicada hum,季节景象,reported_ugc,S04,external_observed,external_source_recorded_no_clearance_claim,fresh_initial_content_review,keep,approved_initial,active,,,seasonal_image,daily_romance,seasonal_nature,short_image,approved,rule,"[""season:summer"", ""season:autumn""]",,保留：具体物象和季节触感能独立承载情绪
sb_11,别人家孩子,That golden child,身份玩梗,reported_ugc,S04,external_observed,external_source_recorded_no_clearance_claim,fresh_initial_content_review,retire,context_or_ip_dependency,retired,,,wordplay,playful_meme,playful_wordplay,wordplay_social,archived,rule,[],,退出：依赖身份、IP、联名、方言或网络语境，离开原场景后失真
sb_12,突然开心,Sudden joy,即时心情,reported_ugc,S04,external_observed,external_source_recorded_no_clearance_claim,fresh_initial_content_review,keep,approved_initial,active,,,daily_mood,daily_romance,daily_mood,mood_state,approved,rule,[],,保留：短句自然，有人味，能在静屏上独立成立
sb_13,喜欢夏天,Loving summer,季节心情,reported_ugc,S04,external_observed,external_source_recorded_no_clearance_claim,fresh_initial_content_review,keep,approved_initial,active,,,seasonal_image,daily_romance,seasonal_nature,short_plain,approved,rule,"[""season:summer""]",,保留：具体物象和季节触感能独立承载情绪
sb_17,屠龙刀,Dragon-slaying blade,武侠玩梗,article_example,S04,external_observed,external_source_recorded_no_clearance_claim,fresh_initial_content_review,retire,context_or_ip_dependency,retired,,,wordplay,playful_meme,playful_wordplay,wordplay_social,archived,rule,[],,退出：依赖身份、IP、联名、方言或网络语境，离开原场景后失真
sb_20,蔚蓝海面,An azure sea,夏日景象,reported_observation,S05,external_observed,external_source_recorded_no_clearance_claim,fresh_initial_content_review,keep,approved_initial,active,,,seasonal_image,daily_romance,distance_landscape,short_image,approved,rule,[],,保留：具体物象和季节触感能独立承载情绪
sb_21,去潜水吧,Go dive,夏日行动,reported_observation,S05,external_observed,external_source_recorded_no_clearance_claim,fresh_initial_content_review,keep,approved_initial,active,,,seasonal_image,daily_romance,distance_landscape,departure_action,approved,rule,[],无说教感 和夏天契合,保留：具体物象和季节触感能独立承载情绪
sb_22,万物生长,All things growing,自然季节,reported_observation,S05,external_observed,external_source_recorded_no_clearance_claim,fresh_initial_content_review,keep,approved_initial,active,,,seasonal_image,daily_romance,seasonal_nature,short_plain,approved,rule,[],,保留：具体物象和季节触感能独立承载情绪
sb_23,水上乐园,Water park dreams,夏日场景,reported_observation,S05,external_observed,external_source_recorded_no_clearance_claim,fresh_initial_content_review,keep,approved_initial,active,,,seasonal_image,daily_romance,seasonal_nature,short_plain,approved,rule,[],有无意义感，和夏天契合,保留：具体物象和季节触感能独立承载情绪
sb_25,唯快不破,Speed wins all,速度与武侠,reported_example,S06,external_observed,external_source_recorded_no_clearance_claim,fresh_initial_content_review,retire,slogan_or_template,retired,,,wordplay,playful_meme,playful_wordplay,wordplay_social,archived,rule,[],,退出：广告、励志口号或社交媒体模板感过强
sb_26,他夏了夏天,He summered summer,歌曲与季节,reported_image,S07,external_observed,external_source_recorded_no_clearance_claim,fresh_initial_content_review,keep,approved_initial,active,夏了夏天,Summer in full swing,seasonal_image,daily_romance,seasonal_nature,short_plain,approved,rule,"[""season:summer""]",夏了夏天,保留：具体物象和季节触感能独立承载情绪
sb_29,乌云散开,Clouds begin to part,治愈鼓励,reported_ugc,S07,external_observed,external_source_recorded_no_clearance_claim,fresh_initial_content_review,keep,approved_initial,active,,,landscape,daily_romance,sky_wind,short_image,approved,rule,[],,保留：具体物象和季节触感能独立承载情绪
sb_31,烦恼退散,Worries scatter,治愈祝福,reported_ugc,S07,external_observed,external_source_recorded_no_clearance_claim,fresh_initial_content_review,keep,approved_initial,active,,,blessing,luck_blessing,daily_observation,short_blessing,approved,rule,[],,保留：作为初始好运签简短自然，未因假定曝光而降级
sb_32,人间值得,The world still holds you,治愈肯定,reported_ugc,S07,external_observed,external_source_recorded_no_clearance_claim,fresh_initial_content_review,keep,approved_initial,active,,,rest,light_comfort,daily_observation,short_state,approved,rule,[],,保留：给出轻安顿或时间观察，没有要求读者表态
sb_33,奥利给,Let's go!,网络流行语,reported_ugc,S08,external_observed,external_source_recorded_no_clearance_claim,fresh_initial_content_review,retire,context_or_ip_dependency,retired,,,wordplay,playful_meme,playful_wordplay,wordplay_social,archived,rule,[],,退出：依赖身份、IP、联名、方言或网络语境，离开原场景后失真
sb_34,妙啊妙啊,"Nice, so nice",网络口语,reported_ugc,S08,external_observed,external_source_recorded_no_clearance_claim,fresh_initial_content_review,keep,approved_initial,active,,,wordplay,playful_meme,playful_wordplay,wordplay_social,approved,rule,[],有莫名喜感,保留：短句自然，有人味，能在静屏上独立成立
sb_37,重启试试,Reboot and try,日常玩梗,reported_image,S09,external_observed,external_source_recorded_no_clearance_claim,fresh_initial_content_review,keep,approved_initial,active,,,wordplay,playful_meme,playful_wordplay,wordplay_social,approved,rule,[],,保留：短句自然，有人味，能在静屏上独立成立
sb_39,最是一年春好处,Spring at its finest,春季诗意,reported_image,S09,external_observed,external_source_recorded_no_clearance_claim,fresh_initial_content_review,keep,approved_initial,active,,,seasonal_image,daily_romance,seasonal_nature,time_observation,approved,manual,"[""season:spring""]",春天限定,保留：具体物象和季节触感能独立承载情绪
sb_40,新一年总晴天,Sunny year ahead,新年祝福,reported_image,S09,external_observed,external_source_recorded_no_clearance_claim,fresh_initial_content_review,retire,awkward_or_generic,retired,,,blessing,luck_blessing,time_reflection,time_observation,archived,rule,"[""festival:spring_festival""]",,退出：表达生硬、偏泛或缺少可感知的画面与关系
sb_41,冬日暖阳,Warm winter sun,冬季温暖,reported_image,S09,external_observed,external_source_recorded_no_clearance_claim,fresh_initial_content_review,keep,approved_initial,active,,,seasonal_image,daily_romance,seasonal_nature,short_plain,approved,manual,"[""season:winter""]",冬天限定,保留：具体物象和季节触感能独立承载情绪
sb_42,月是秋夜明,"Autumn moon, bright night",秋夜诗意,reported_image,S09,external_observed,external_source_recorded_no_clearance_claim,fresh_initial_content_review,keep,approved_initial,active,,,seasonal_image,daily_romance,seasonal_nature,landscape_image,approved,manual,"[""festival:mid_autumn""]",中秋节日限定,保留：具体物象和季节触感能独立承载情绪
sb_43,秋天开始喝暖饮,"Warm drinks, autumn starts",秋季饮品,reported_image,S09,external_observed,external_source_recorded_no_clearance_claim,fresh_initial_content_review,retire,low_signal_or_narrow,retired,,,seasonal_image,daily_romance,seasonal_nature,medium_plain,archived,rule,"[""season:autumn""]",,退出：独立成签的信息量不足，或场景过窄
sb_45,美好拉开帷幕,Beauty takes the stage,希望鼓励,reported_image,S09,external_observed,external_source_recorded_no_clearance_claim,fresh_initial_content_review,keep,approved_initial,active,,,daily_observation,daily_romance,daily_observation,medium_state,approved,rule,[],,保留：短句自然，有人味，能在静屏上独立成立
sb_49,平安喜乐,Peace and joy,平安祝福,reported_image,S09,external_observed,external_source_recorded_no_clearance_claim,fresh_initial_content_review,keep,approved_initial,active,,,blessing,luck_blessing,blessing_wish,blessing_parallel,approved,manual,"[""festival:spring_festival""]",春节限定,保留：作为初始好运签简短自然，未因假定曝光而降级
sb_50,财神到家,Fortune at the door,财运祝福,reported_image,S09,external_observed,external_source_recorded_no_clearance_claim,fresh_initial_content_review,keep,approved_initial,active,,,blessing,luck_blessing,blessing_wish,short_blessing,approved,manual,"[""festival:spring_festival""]",春节限定,保留：作为初始好运签简短自然，未因假定曝光而降级
sb_51,岁岁常欢愉,"Joy, year after year",长久祝福,reported_image,S09,external_observed,external_source_recorded_no_clearance_claim,fresh_initial_content_review,keep,approved_initial,active,,,blessing,luck_blessing,daily_observation,medium_blessing,approved,manual,"[""festival:spring_festival""]",春节限定,保留：作为初始好运签简短自然，未因假定曝光而降级
sb_52,年年皆胜意,May each year exceed your hopes,长久祝福,reported_image,S09,external_observed,external_source_recorded_no_clearance_claim,fresh_initial_content_review,keep,approved_initial,active,,,blessing,luck_blessing,blessing_wish,blessing_parallel,approved,manual,"[""festival:spring_festival""]",春节限定,保留：作为初始好运签简短自然，未因假定曝光而降级
sb_53,暴富暴瘦暴酷,"Rich, lean, cool",夸张祝福,reported_image,S09,external_observed,external_source_recorded_no_clearance_claim,fresh_initial_content_review,keep,approved_initial,active,,,blessing,luck_blessing,daily_observation,medium_blessing,approved,rule,[],祝福,保留：作为初始好运签简短自然，未因假定曝光而降级
sb_58,笑出强大,Laugh with power,鼓励玩梗,reported_image,S09,external_observed,external_source_recorded_no_clearance_claim,fresh_initial_content_review,retire,slogan_or_template,retired,,,wordplay,playful_meme,playful_wordplay,wordplay_social,archived,rule,[],,退出：广告、励志口号或社交媒体模板感过强
sb_59,最靓的仔,Coolest one around,身份自夸,reported_image,S09,external_observed,external_source_recorded_no_clearance_claim,fresh_initial_content_review,retire,context_or_ip_dependency,retired,,,wordplay,playful_meme,playful_wordplay,wordplay_social,archived,rule,[],,退出：依赖身份、IP、联名、方言或网络语境，离开原场景后失真
sb_60,Hi走啦,"Hi, I'm off",口语玩梗,reported_image,S09,external_observed,external_source_recorded_no_clearance_claim,fresh_initial_content_review,keep,approved_initial,active,,,wordplay,playful_meme,playful_wordplay,wordplay_social,approved,rule,[],有莫名喜感,保留：短句自然，有人味，能在静屏上独立成立
sb_61,是最喜欢的秋天啊,Favorite season: fall,秋季心情,reported_example,S10,external_observed,external_source_recorded_no_clearance_claim,fresh_initial_content_review,keep,approved_initial,active,,,seasonal_image,daily_romance,seasonal_nature,long_sentence,approved,rule,"[""season:autumn""]",,保留：具体物象和季节触感能独立承载情绪
sb_64,天选之子,Chosen one,好运身份,reported_example,S10,external_observed,external_source_recorded_no_clearance_claim,fresh_initial_content_review,keep,approved_initial,active,,,wordplay,playful_meme,playful_wordplay,wordplay_social,approved,rule,[],有莫名喜感,保留：短句自然，有人味，能在静屏上独立成立
sb_65,全能小天才,Little prodigy,身份自夸,reported_example,S10,external_observed,external_source_recorded_no_clearance_claim,fresh_initial_content_review,keep,approved_initial,active,,,wordplay,playful_meme,playful_wordplay,wordplay_social,approved,rule,[],有莫名喜感,保留：短句自然，有人味，能在静屏上独立成立
sb_66,甩碗米线,Tossed bowl noodles,食物奇趣,reported_example,S11,external_observed,external_source_recorded_no_clearance_claim,fresh_initial_content_review,retire,awkward_or_generic,retired,,,daily_observation,daily_romance,daily_observation,short_plain,archived,rule,[],,退出：表达生硬、偏泛或缺少可感知的画面与关系
sb_67,冲鸭冲鸭,Go go duck!,网络鼓励,reported_example,S11,external_observed,external_source_recorded_no_clearance_claim,fresh_initial_content_review,keep,approved_initial,active,,,wordplay,playful_meme,playful_wordplay,wordplay_social,approved,rule,[],有莫名喜感,保留：短句自然，有人味，能在静屏上独立成立
sb_68,诸事皆宜,An auspicious day for all things,好运祝福,reported_image,S12,external_observed,external_source_recorded_no_clearance_claim,fresh_initial_content_review,keep,approved_initial,active,,,blessing,luck_blessing,blessing_wish,blessing_parallel,approved,manual,"[""festival:spring_festival""]",春节限定,保留：作为初始好运签简短自然，未因假定曝光而降级
sb_69,水逆绕行,"Mercury, step aside",转运祝福,reported_image,S12,external_observed,external_source_recorded_no_clearance_claim,fresh_initial_content_review,keep,approved_initial,active,,,blessing,luck_blessing,daily_observation,short_blessing,approved,rule,[],,保留：作为初始好运签简短自然，未因假定曝光而降级
sb_70,快乐一夏,Summer of joy,夏日祝福,reported_image,S12,external_observed,external_source_recorded_no_clearance_claim,fresh_initial_content_review,keep,approved_initial,active,,,seasonal_image,daily_romance,seasonal_nature,short_blessing,approved,rule,"[""season:summer""]",谐音梗 和夏天契合,保留：具体物象和季节触感能独立承载情绪
sb_71,赐予你力量,Power granted you,鼓励祝福,reported_image,S12,external_observed,external_source_recorded_no_clearance_claim,fresh_initial_content_review,retire,slogan_or_template,retired,,,blessing,luck_blessing,daily_observation,medium_state,archived,rule,[],,退出：广告、励志口号或社交媒体模板感过强
sb_73,美式发生,Americano happens,咖啡谐音与好运,reported_order,S13,external_observed,external_source_recorded_no_clearance_claim,fresh_initial_content_review,keep,approved_initial,active,,,daily_observation,daily_romance,daily_observation,short_blessing,approved,rule,[],谐音梗,保留：短句自然，有人味，能在静屏上独立成立
sb_74,莫愁前路无知己,Friends await along the road,前路安慰,reported_ugc,S13,external_observed,external_source_recorded_no_clearance_claim,fresh_initial_content_review,keep,approved_initial,active,,,departure,gentle_departure,departure_motion,stance_sentence,approved,rule,[],,保留：短句自然，有人味，能在静屏上独立成立
sb_76,浪漫不止,Romance unending,浪漫祝福,reported_ugc,S14,external_observed,external_source_recorded_no_clearance_claim,fresh_initial_content_review,retire,awkward_or_generic,retired,,,blessing,luck_blessing,distance_landscape,stance_short,archived,rule,[],,退出：表达生硬、偏泛或缺少可感知的画面与关系
sb_77,好事将至,Good things are on their way,好运预告,reported_ugc,S14,external_observed,external_source_recorded_no_clearance_claim,fresh_initial_content_review,keep,approved_initial,active,,,soft_hope,soft_hope,hope_arrival,process_arrival,approved,rule,[],,保留：关系或过程表达自然，仍给读者留下投射空间
sb_78,新年有新意,"Fresh year, fresh spark",新年祝福,reported_ugc,S14,external_observed,external_source_recorded_no_clearance_claim,fresh_initial_content_review,keep,approved_initial,active,,,blessing,luck_blessing,time_reflection,time_observation,approved,manual,"[""festival:spring_festival""]",春节限定,保留：作为初始好运签简短自然，未因假定曝光而降级
sb_80,五月被期待填满,"May, full of hope",月份希望,reported_ugc,S14,external_observed,external_source_recorded_no_clearance_claim,fresh_initial_content_review,retire,awkward_or_generic,retired,,,soft_hope,soft_hope,hope_arrival,process_arrival,archived,rule,"[""month:5""]",,退出：表达生硬、偏泛或缺少可感知的画面与关系
sb_81,厉害了爹地们,Dads on fire,称呼玩梗,reported_ugc,S14,external_observed,external_source_recorded_no_clearance_claim,fresh_initial_content_review,keep,approved_initial,active,,,wordplay,playful_meme,playful_wordplay,wordplay_social,approved,manual,"[""festival:father_day""]",父亲节当天限定,保留：短句自然，有人味，能在静屏上独立成立
sb_83,悄悄惊艳大家,Quietly dazzling all,学习鼓励,official_social,S15,external_observed,external_source_recorded_no_clearance_claim,fresh_initial_content_review,keep,approved_initial,active,悄悄惊艳,Quietly dazzling,daily_observation,daily_romance,daily_observation,short_state,approved,rule,[],「悄悄惊艳」,保留：短句自然，有人味，能在静屏上独立成立
sb_91,自由是终极魔法,"Freedom, final magic",哈利波特联名,image_verified,S16,external_observed,external_source_recorded_no_clearance_claim,fresh_initial_content_review,keep,approved_initial,active,,,daily_observation,daily_romance,self_stance,medium_plain,approved,rule,[],,保留：短句自然，有人味，能在静屏上独立成立
sb_93,向上生长,Growing upward,成长鼓励,social_text,S18,external_observed,external_source_recorded_no_clearance_claim,fresh_initial_content_review,keep,approved_initial,active,,,departure,gentle_departure,daily_observation,departure_action,approved,rule,[],,保留：短句自然，有人味，能在静屏上独立成立
sb_94,今天的你赞赞赞,Triple thumbs-up today,夸赞鼓励,image_verified,S19,external_observed,external_source_recorded_no_clearance_claim,fresh_initial_content_review,keep,approved_initial,active,,,daily_observation,daily_romance,daily_observation,medium_state,approved,rule,[],,保留：短句自然，有人味，能在静屏上独立成立
sb_95,万事皆合时宜,All in season,顺遂祝福,image_verified,S20,external_observed,external_source_recorded_no_clearance_claim,fresh_initial_content_review,keep,approved_initial,active,,,blessing,luck_blessing,daily_observation,blessing_parallel,approved,rule,[],,保留：作为初始好运签简短自然，未因假定曝光而降级
sb_96,赤诚亦勇敢,Wholehearted and brave,人格鼓励,image_verified,S20,external_observed,external_source_recorded_no_clearance_claim,fresh_initial_content_review,keep,approved_initial,active,,,self_stance,light_comfort,daily_observation,relational_phrase,approved,rule,[],,保留：短句自然，有人味，能在静屏上独立成立
sb_99,新年万事定称心,"New year, heart's desire",新年祝福,image_verified,S21,external_observed,external_source_recorded_no_clearance_claim,fresh_initial_content_review,keep,approved_initial,active,,,blessing,luck_blessing,time_reflection,time_observation,approved,manual,"[""festival:spring_festival""]",春节期间限定,保留：作为初始好运签简短自然，未因假定曝光而降级
sb_100,挂霜予你,Frost for you,秋季温柔,image_verified,S22,external_observed,external_source_recorded_no_clearance_claim,fresh_initial_content_review,keep,approved_initial,active,,,seasonal_image,daily_romance,seasonal_nature,short_image,approved,manual,"[""season:autumn"", ""season:winter"", ""weather:snow""]",,保留：具体物象和季节触感能独立承载情绪
sb_101,新春开门红,Spring opens red-hot,新年祝福,social_text,S23,external_observed,external_source_recorded_no_clearance_claim,fresh_initial_content_review,keep,approved_initial,active,,,seasonal_image,daily_romance,seasonal_nature,medium_blessing,approved,manual,"[""festival:spring_festival""]",春节期间限定,保留：具体物象和季节触感能独立承载情绪
sb_102,诸事皆顺,May all go smoothly,顺遂祝福,social_text,S24,external_observed,external_source_recorded_no_clearance_claim,fresh_initial_content_review,retire,awkward_or_generic,retired,,,blessing,luck_blessing,blessing_wish,blessing_parallel,archived,rule,[],,退出：表达生硬、偏泛或缺少可感知的画面与关系
sb_103,take it easy.,Take it easy.,英文鼓励,social_text,S25,external_observed,external_source_recorded_no_clearance_claim,fresh_initial_content_review,keep,approved_initial,active,,,wordplay,playful_meme,playful_wordplay,wordplay_latin,approved,rule,[],,保留：短句自然，有人味，能在静屏上独立成立
sb_104,be real.,Be real.,英文鼓励,social_text,S25,external_observed,external_source_recorded_no_clearance_claim,fresh_initial_content_review,keep,approved_initial,active,,,wordplay,playful_meme,playful_wordplay,wordplay_latin,approved,rule,[],,保留：短句自然，有人味，能在静屏上独立成立
sb_105,good vibes.,Good vibes.,英文祝福,social_text,S25,external_observed,external_source_recorded_no_clearance_claim,fresh_initial_content_review,keep,approved_initial,active,,,wordplay,playful_meme,playful_wordplay,wordplay_latin,approved,rule,[],,保留：短句自然，有人味，能在静屏上独立成立
sb_106,dare to dream.,Dare to dream.,英文鼓励,social_text,S25,external_observed,external_source_recorded_no_clearance_claim,fresh_initial_content_review,keep,approved_initial,active,,,wordplay,playful_meme,playful_wordplay,wordplay_latin,approved,rule,[],,保留：短句自然，有人味，能在静屏上独立成立
sb_107,每一次全力以赴,"Every effort, whole heart",努力鼓励,social_text,S26,external_observed,external_source_recorded_no_clearance_claim,fresh_initial_content_review,retire,slogan_or_template,retired,,,daily_observation,daily_romance,daily_observation,medium_state,archived,rule,[],,退出：广告、励志口号或社交媒体模板感过强
sb_108,愿将来胜过往,May tomorrow outshine yesterday,未来祝福,social_text,S26,external_observed,external_source_recorded_no_clearance_claim,fresh_initial_content_review,retire,slogan_or_template,retired,,,soft_hope,soft_hope,daily_observation,medium_action,archived,rule,[],,退出：广告、励志口号或社交媒体模板感过强
sb_109,为热爱 敢上场,"For love, take the field",热爱鼓励,social_text,S26,external_observed,external_source_recorded_no_clearance_claim,fresh_initial_content_review,retire,slogan_or_template,retired,,,connection,daily_romance,connection,medium_state,archived,rule,[],,退出：广告、励志口号或社交媒体模板感过强
sb_111,硕果累累,Heavy with fruit,收获祝福,social_text,S26,external_observed,external_source_recorded_no_clearance_claim,fresh_initial_content_review,keep,approved_initial,active,,,blessing,luck_blessing,daily_observation,short_blessing,approved,rule,[],,保留：作为初始好运签简短自然，未因假定曝光而降级
sb_112,记得微笑,Let the smile come,日常提醒,social_text,S27,external_observed,external_source_recorded_no_clearance_claim,fresh_initial_content_review,retire,directive_or_preachy,retired,,,daily_observation,daily_romance,daily_observation,short_plain,archived,rule,[],,退出：命令、训诫或自我管理口吻过强，替读者下结论
sb_113,事缓则圆,"With patience, things find their shape",从容劝慰,social_text,S28,external_observed,external_source_recorded_no_clearance_claim,fresh_initial_content_review,keep,approved_initial,active,,,rest,light_comfort,rest_pause,rest_state,approved,rule,[],,保留：给出轻安顿或时间观察，没有要求读者表态
sb_116,适时转弯,Turn in good time,从容劝慰,image_verified,S30,external_observed,external_source_recorded_no_clearance_claim,fresh_initial_content_review,keep,approved_initial,active,,,rest,light_comfort,daily_observation,short_state,approved,rule,[],,保留：给出轻安顿或时间观察，没有要求读者表态
sb_117,远方很美,The far horizon is beautiful,远方浪漫,image_verified,S31,external_observed,external_source_recorded_no_clearance_claim,fresh_initial_content_review,retire,slogan_or_template,retired,,,departure,gentle_departure,distance_landscape,departure_action,archived,rule,[],,退出：广告、励志口号或社交媒体模板感过强
sb_118,烦恼消除术,Worry-dissolving spell,治愈劝慰,image_verified,S32,external_observed,external_source_recorded_no_clearance_claim,fresh_initial_content_review,keep,approved_initial,active,,,rest,light_comfort,daily_observation,medium_state,approved,rule,[],,保留：给出轻安顿或时间观察，没有要求读者表态
sb_121,做你自己就很好,"As you are, enough",自我肯定,social_text,S35,external_observed,external_source_recorded_no_clearance_claim,fresh_initial_content_review,retire,slogan_or_template,retired,,,self_stance,light_comfort,self_stance,medium_state,archived,rule,[],,退出：广告、励志口号或社交媒体模板感过强
sb_122,清风为我翻书,A breeze turns the pages for me,文艺治愈,social_text,S36,external_observed,external_source_recorded_no_clearance_claim,fresh_initial_content_review,retire,awkward_or_generic,retired,,,landscape,daily_romance,sky_wind,relational_phrase,archived,rule,[],,退出：表达生硬、偏泛或缺少可感知的画面与关系
sb_123,心宽路则宽,"Wide heart, wide road",从容劝慰,social_text,S37,external_observed,external_source_recorded_no_clearance_claim,fresh_initial_content_review,retire,directive_or_preachy,retired,,,rest,light_comfort,departure_motion,medium_state,archived,rule,[],,退出：命令、训诫或自我管理口吻过强，替读者下结论
sb_124,天高任鸟飞,"Sky high, birds roam",自由鼓励,social_text,S38,external_observed,external_source_recorded_no_clearance_claim,fresh_initial_content_review,keep,approved_initial,active,,,landscape,daily_romance,sky_wind,medium_state,approved,rule,[],,保留：具体物象和季节触感能独立承载情绪
sb_125,重要的是出发,The first step matters,行动鼓励,social_text,S39,external_observed,external_source_recorded_no_clearance_claim,fresh_initial_content_review,retire,directive_or_preachy,retired,,,departure,gentle_departure,departure_motion,stance_sentence,archived,rule,[],,退出：命令、训诫或自我管理口吻过强，替读者下结论
sb_128,见面是最棒的事,Meeting beats all,相见温情,social_text,S41,external_observed,external_source_recorded_no_clearance_claim,fresh_initial_content_review,retire,duplicate,retired,,,connection,daily_romance,connection,medium_plain,archived,rule,[],,退出：与更自然或更有画面的保留条目语义重复
sb_129,新序章,A new chapter,新起点,social_text,S42,external_observed,external_source_recorded_no_clearance_claim,fresh_initial_content_review,keep,approved_initial,active,,,departure,gentle_departure,departure_motion,short_plain,approved,rule,[],,保留：短句自然，有人味，能在静屏上独立成立
sb_130,宜相见,Meet today,相见温情,social_text,S43,external_observed,external_source_recorded_no_clearance_claim,fresh_initial_content_review,retire,duplicate,retired,,,connection,daily_romance,connection,blessing_parallel,archived,rule,[],,退出：与更自然或更有画面的保留条目语义重复
sb_131,轻松自在,Easy and free,从容治愈,social_text,S44,external_observed,external_source_recorded_no_clearance_claim,fresh_initial_content_review,keep,approved_initial,active,,,rest,light_comfort,rest_pause,rest_state,approved,rule,[],,保留：给出轻安顿或时间观察，没有要求读者表态
sb_132,惬意个登儿,Blissfully laid-back,方言口语,social_text,S45,external_observed,external_source_recorded_no_clearance_claim,fresh_initial_content_review,retire,context_or_ip_dependency,retired,,,wordplay,playful_meme,playful_wordplay,wordplay_social,archived,rule,[],,退出：依赖身份、IP、联名、方言或网络语境，离开原场景后失真
sb_133,一路风光一路诗,"A scenic road, a line of verse",旅途浪漫,social_text,S46,external_observed,external_source_recorded_no_clearance_claim,fresh_initial_content_review,keep,approved_initial,active,,,landscape,daily_romance,sky_wind,landscape_image,approved,rule,[],,保留：具体物象和季节触感能独立承载情绪
sb_138,大有可为,So much is possible,未来鼓励,social_text,S49,external_observed,external_source_recorded_no_clearance_claim,fresh_initial_content_review,keep,approved_initial,active,,,daily_observation,daily_romance,daily_observation,short_state,approved,rule,[],,保留：短句自然，有人味，能在静屏上独立成立
sb_140,自由在风里,Freedom rides the wind,自由浪漫,social_text,S51,external_observed,external_source_recorded_no_clearance_claim,fresh_initial_content_review,keep,approved_initial,active,答案在风中,The answer is in the wind,landscape,daily_romance,sky_wind,landscape_image,approved,rule,[],「答案在风中」,保留：具体物象和季节触感能独立承载情绪
sb_141,热烈自由,Fierce and free,自由鼓励,social_text,S52,external_observed,external_source_recorded_no_clearance_claim,fresh_initial_content_review,retire,slogan_or_template,retired,,,daily_observation,daily_romance,self_stance,short_state,archived,rule,[],,退出：广告、励志口号或社交媒体模板感过强
sb_142,所行皆坦途,May every road be smooth,前路祝福,social_text,S53,external_observed,external_source_recorded_no_clearance_claim,fresh_initial_content_review,retire,awkward_or_generic,retired,,,soft_hope,soft_hope,daily_observation,blessing_parallel,archived,rule,[],,退出：表达生硬、偏泛或缺少可感知的画面与关系
sb_143,美好常在,Beauty stays near,美好祝福,social_text,S54,external_observed,external_source_recorded_no_clearance_claim,fresh_initial_content_review,keep,approved_initial,active,,,blessing,luck_blessing,daily_observation,short_blessing,approved,rule,[],,保留：作为初始好运签简短自然，未因假定曝光而降级
sb_144,有趣有盼无忧虑,"Fun, hope, no frets",生活祝福,social_text,S55,external_observed,external_source_recorded_no_clearance_claim,fresh_initial_content_review,keep,approved_initial,active,,,blessing,luck_blessing,daily_observation,stance_sentence,approved,rule,[],,保留：作为初始好运签简短自然，未因假定曝光而降级
sb_146,大声称赞自己,Praise yourself aloud,自我肯定,image_verified,S56,external_observed,external_source_recorded_no_clearance_claim,fresh_initial_content_review,retire,directive_or_preachy,retired,,,self_stance,light_comfort,self_stance,medium_state,archived,rule,[],,退出：命令、训诫或自我管理口吻过强，替读者下结论
sb_147,卓然前行,Walk with distinction,行动鼓励,image_verified,S56,external_observed,external_source_recorded_no_clearance_claim,fresh_initial_content_review,keep,approved_initial,active,,,departure,gentle_departure,daily_observation,short_state,approved,rule,[],,保留：短句自然，有人味，能在静屏上独立成立
sb_148,思路清晰,"Mind, crystal clear",状态鼓励,image_verified,S56,external_observed,external_source_recorded_no_clearance_claim,fresh_initial_content_review,keep,approved_initial,active,,,daily_mood,daily_romance,daily_mood,mood_state,approved,rule,[],,保留：短句自然，有人味，能在静屏上独立成立
sb_149,愿前程可奔赴,May paths be runnable,前路祝福,image_verified,S56,external_observed,external_source_recorded_no_clearance_claim,fresh_initial_content_review,keep,approved_initial,active,前路可奔赴,A road worth taking,soft_hope,soft_hope,departure_motion,departure_action,approved,rule,[],,保留：关系或过程表达自然，仍给读者留下投射空间
sb_150,爱人间烟火,Love the glow of ordinary life,生活浪漫,image_verified,S56,external_observed,external_source_recorded_no_clearance_claim,fresh_initial_content_review,keep,approved_initial,active,,,connection,daily_romance,connection,medium_plain,approved,rule,[],,保留：关系或过程表达自然，仍给读者留下投射空间
sb_151,状态不掉线,Never drop offline,状态鼓励,image_verified,S56,external_observed,external_source_recorded_no_clearance_claim,fresh_initial_content_review,keep,approved_initial,active,,,daily_mood,daily_romance,daily_mood,stance_sentence,approved,rule,[],,保留：短句自然，有人味，能在静屏上独立成立
sb_152,生活向美而生,Life grows toward beauty,生活浪漫,image_verified,S56,external_observed,external_source_recorded_no_clearance_claim,fresh_initial_content_review,retire,slogan_or_template,retired,,,daily_observation,daily_romance,daily_observation,departure_action,archived,rule,[],,退出：广告、励志口号或社交媒体模板感过强
sb_153,所念皆所愿,"Wishes thought, granted",美好祝福,image_verified,S56,external_observed,external_source_recorded_no_clearance_claim,fresh_initial_content_review,keep,approved_initial,active,,,blessing,luck_blessing,blessing_wish,blessing_parallel,approved,rule,[],,保留：作为初始好运签简短自然，未因假定曝光而降级
sb_154,有诗有远方,Verse and far horizons,生活浪漫,image_verified,S56,external_observed,external_source_recorded_no_clearance_claim,fresh_initial_content_review,keep,approved_initial,active,,,departure,gentle_departure,distance_landscape,relational_phrase,approved,rule,[],,保留：短句自然，有人味，能在静屏上独立成立
sb_155,无往而不胜,Victorious wherever,行动鼓励,image_verified,S56,external_observed,external_source_recorded_no_clearance_claim,fresh_initial_content_review,retire,result_guarantee,retired,,,departure,gentle_departure,daily_observation,stance_sentence,archived,rule,[],,退出：把愿望写成确定结果，承诺过满
sb_156,开启高光模式,Highlight mode on,状态鼓励,image_verified,S56,external_observed,external_source_recorded_no_clearance_claim,fresh_initial_content_review,keep,approved_initial,active,,,self_stance,light_comfort,daily_observation,medium_state,approved,rule,[],,保留：短句自然，有人味，能在静屏上独立成立
sb_157,总有人正年轻,"Someone, somewhere, is still young",人生感怀,image_verified,S56,external_observed,external_source_recorded_no_clearance_claim,fresh_initial_content_review,keep,approved_initial,active,,,time_reflection,quiet_mirror,time_reflection,time_observation,approved,rule,[],,保留：给出轻安顿或时间观察，没有要求读者表态
sb_158,每一刻充满可能,"Each moment, possibility",行动鼓励,image_verified,S56,external_observed,external_source_recorded_no_clearance_claim,fresh_initial_content_review,retire,slogan_or_template,retired,,,departure,gentle_departure,daily_observation,medium_action,archived,rule,[],,退出：广告、励志口号或社交媒体模板感过强
sb_160,努力的样子很酷,Trying looks cool,行动鼓励,image_verified,S56,external_observed,external_source_recorded_no_clearance_claim,fresh_initial_content_review,retire,slogan_or_template,retired,,,departure,gentle_departure,daily_observation,medium_action,archived,rule,[],,退出：广告、励志口号或社交媒体模板感过强
sb_161,只记欢喜不记忧,"Joy remembered, not sorrow",治愈劝慰,image_verified,S56,external_observed,external_source_recorded_no_clearance_claim,fresh_initial_content_review,keep,approved_initial,active,,,rest,light_comfort,daily_observation,stance_sentence,approved,rule,[],,保留：给出轻安顿或时间观察，没有要求读者表态
sb_162,夏天拍了拍你,Summer tapped your shoulder,季节画面,image_verified,S56,external_observed,external_source_recorded_no_clearance_claim,fresh_initial_content_review,retire,awkward_or_generic,retired,,,seasonal_image,daily_romance,seasonal_nature,medium_plain,archived,rule,"[""season:summer""]",,退出：表达生硬、偏泛或缺少可感知的画面与关系
sb_163,心之所愿定如愿,"Heart's wish, fulfilled",美好祝福,image_verified,S56,external_observed,external_source_recorded_no_clearance_claim,fresh_initial_content_review,retire,result_guarantee,retired,,,blessing,luck_blessing,blessing_wish,blessing_parallel,archived,rule,[],,退出：把愿望写成确定结果，承诺过满
sb_164,鸟语花香,"Birdsong, floral air",季节画面,image_verified,S56,external_observed,external_source_recorded_no_clearance_claim,fresh_initial_content_review,keep,approved_initial,active,,,seasonal_image,daily_romance,seasonal_nature,short_plain,approved,manual,"[""season:spring""]",,保留：具体物象和季节触感能独立承载情绪
sb_165,前行有曙光,Dawn ahead on the road,行动鼓励,image_verified,S56,external_observed,external_source_recorded_no_clearance_claim,fresh_initial_content_review,keep,approved_initial,active,,,departure,gentle_departure,daily_observation,medium_action,approved,rule,[],,保留：短句自然，有人味，能在静屏上独立成立
sb_166,大笑是困难解药,"Laughter, hardship's cure",治愈劝慰,image_verified,S56,external_observed,external_source_recorded_no_clearance_claim,fresh_initial_content_review,keep,approved_initial,active,,,rest,light_comfort,daily_observation,medium_state,approved,rule,[],,保留：给出轻安顿或时间观察，没有要求读者表态
sb_169,去踏千重浪,Go ride a thousand waves,行动鼓励,image_verified,S56,external_observed,external_source_recorded_no_clearance_claim,fresh_initial_content_review,retire,awkward_or_generic,retired,,,departure,gentle_departure,distance_landscape,departure_action,archived,rule,[],,退出：表达生硬、偏泛或缺少可感知的画面与关系
sb_171,心动由己,Heart moves by you,自我肯定,image_verified,S56,external_observed,external_source_recorded_no_clearance_claim,fresh_initial_content_review,retire,awkward_or_generic,retired,,,self_stance,light_comfort,self_stance,short_state,archived,rule,[],,退出：表达生硬、偏泛或缺少可感知的画面与关系
sb_172,不留憾,Leave no what-ifs,生活态度,image_verified,S56,external_observed,external_source_recorded_no_clearance_claim,fresh_initial_content_review,retire,directive_or_preachy,retired,,,self_stance,light_comfort,daily_observation,stance_short,archived,rule,[],,退出：命令、训诫或自我管理口吻过强，替读者下结论
sb_174,爱，不止此刻,Love beyond this moment,情感表达,image_verified,S56,external_observed,external_source_recorded_no_clearance_claim,fresh_initial_content_review,keep,approved_initial,active,,,connection,daily_romance,connection,stance_sentence,approved,rule,[],,保留：关系或过程表达自然，仍给读者留下投射空间
sb_175,心向旷野,A heart set on open country,自由浪漫,image_verified,S56,external_observed,external_source_recorded_no_clearance_claim,fresh_initial_content_review,retire,awkward_or_generic,retired,,,departure,gentle_departure,distance_landscape,departure_action,archived,rule,[],,退出：表达生硬、偏泛或缺少可感知的画面与关系
sb_176,恰到好处,"Just enough, just right",生活态度,image_verified,S56,external_observed,external_source_recorded_no_clearance_claim,fresh_initial_content_review,keep,approved_initial,active,,,self_stance,light_comfort,daily_observation,short_state,approved,rule,[],,保留：短句自然，有人味，能在静屏上独立成立
sb_177,喝着咖啡吹着风,"Coffee in hand, wind passing by",生活浪漫,image_verified,S56,external_observed,external_source_recorded_no_clearance_claim,fresh_initial_content_review,retire,awkward_or_generic,retired,,,landscape,daily_romance,sky_wind,landscape_image,archived,rule,[],,退出：表达生硬、偏泛或缺少可感知的画面与关系
sb_181,抬头望天接好运,"Look up, catch luck",美好祝福,image_verified,S56,external_observed,external_source_recorded_no_clearance_claim,fresh_initial_content_review,keep,approved_initial,active,抬头见天光,Look up and find the light,blessing,luck_blessing,daily_observation,medium_blessing,approved,rule,[],,保留：作为初始好运签简短自然，未因假定曝光而降级
sb_183,期待新的故事,A new story is waiting,美好祝福,image_verified,S56,external_observed,external_source_recorded_no_clearance_claim,fresh_initial_content_review,keep,approved_initial,active,期待新故事,Looking forward to new stories,soft_hope,soft_hope,hope_arrival,process_arrival,approved,rule,[],「期待新故事」,保留：关系或过程表达自然，仍给读者留下投射空间
sb_184,今日最佳,Today's finest,自我肯定,image_verified,S56,external_observed,external_source_recorded_no_clearance_claim,fresh_initial_content_review,keep,approved_initial,active,,,self_stance,light_comfort,daily_observation,short_state,approved,rule,[],,保留：短句自然，有人味，能在静屏上独立成立
sb_186,忙有度 闲有趣,"Room for work, room for play",生活态度,image_verified,S56,external_observed,external_source_recorded_no_clearance_claim,fresh_initial_content_review,keep,approved_initial,active,忙有度，闲有趣,"Work in measure, rest with joy",self_stance,light_comfort,daily_observation,medium_plain,approved,rule,[],,保留：短句自然，有人味，能在静屏上独立成立
sb_187,去有风的地方,Where the wind lives,自由浪漫,image_verified,S56,external_observed,external_source_recorded_no_clearance_claim,fresh_initial_content_review,retire,slogan_or_template,retired,,,landscape,daily_romance,sky_wind,departure_action,archived,rule,[],,退出：广告、励志口号或社交媒体模板感过强
sb_188,小满胜万全,A little fullness beats perfection,生活态度,image_verified,S56,external_observed,external_source_recorded_no_clearance_claim,fresh_initial_content_review,keep,approved_initial,active,,,seasonal_image,daily_romance,seasonal_nature,medium_plain,approved,manual,"[""season:summer""]",,保留：具体物象和季节触感能独立承载情绪
sb_189,恰逢好事,"Good things, just in time",美好祝福,image_verified,S56,external_observed,external_source_recorded_no_clearance_claim,fresh_initial_content_review,keep,approved_initial,active,,,soft_hope,soft_hope,hope_arrival,blessing_parallel,approved,rule,[],,保留：关系或过程表达自然，仍给读者留下投射空间
sb_190,你值得玫瑰,Roses owed to you,自我肯定,image_verified,S56,external_observed,external_source_recorded_no_clearance_claim,fresh_initial_content_review,retire,awkward_or_generic,retired,,,self_stance,light_comfort,daily_observation,medium_state,archived,rule,[],,退出：表达生硬、偏泛或缺少可感知的画面与关系
sb_194,被礼物包围,Wrapped in gifts,节日祝福,image_verified,S56,external_observed,external_source_recorded_no_clearance_claim,fresh_initial_content_review,keep,approved_initial,active,,,blessing,luck_blessing,daily_observation,medium_blessing,approved,manual,"[""festival:christmas""]",圣诞节限定,保留：作为初始好运签简短自然，未因假定曝光而降级
sb_195,慢下来看世界,Slow down and see the world,生活态度,image_verified,S56,external_observed,external_source_recorded_no_clearance_claim,fresh_initial_content_review,keep,approved_initial,active,,,rest,light_comfort,rest_pause,rest_state,approved,rule,[],,保留：给出轻安顿或时间观察，没有要求读者表态
sb_197,你亦是风景,You are part of the view,生活浪漫,image_verified,S57,external_observed,external_source_recorded_no_clearance_claim,fresh_initial_content_review,keep,approved_initial,active,,,landscape,daily_romance,sky_wind,relational_phrase,approved,rule,[],,保留：具体物象和季节触感能独立承载情绪
sb_198,曙光在前,Dawn up ahead,前路祝福,image_verified,S57,external_observed,external_source_recorded_no_clearance_claim,fresh_initial_content_review,keep,approved_initial,active,,,soft_hope,soft_hope,daily_observation,short_blessing,approved,rule,[],,保留：关系或过程表达自然，仍给读者留下投射空间
sb_199,新起点,Fresh starting line,行动鼓励,image_verified,S57,external_observed,external_source_recorded_no_clearance_claim,fresh_initial_content_review,retire,low_signal_or_narrow,retired,,,departure,gentle_departure,departure_motion,short_state,archived,rule,[],,退出：独立成签的信息量不足，或场景过窄
sb_200,家是唯一城堡,"Home, only castle",联名主题,image_verified,S58,external_observed,external_source_recorded_no_clearance_claim,fresh_initial_content_review,retire,context_or_ip_dependency,retired,,,daily_observation,daily_romance,daily_observation,medium_plain,archived,rule,[],,退出：依赖身份、IP、联名、方言或网络语境，离开原场景后失真
sb_201,手牵手,Hand in hand,联名主题,image_verified,S58,external_observed,external_source_recorded_no_clearance_claim,fresh_initial_content_review,keep,approved_initial,active,,,connection,daily_romance,connection,short_plain,approved,rule,[],,保留：关系或过程表达自然，仍给读者留下投射空间
sb_205,心缓自有答案,A calm heart finds its answer,治愈劝慰,social_text,S59,external_observed,external_source_recorded_no_clearance_claim,fresh_initial_content_review,retire,awkward_or_generic,retired,,,soft_hope,soft_hope,rest_pause,rest_state,archived,rule,[],,退出：表达生硬、偏泛或缺少可感知的画面与关系
sb_206,前路漫漫亦灿灿,The long road still glimmers,前路祝福,social_text,S59,external_observed,external_source_recorded_no_clearance_claim,fresh_initial_content_review,keep,approved_initial,active,,,soft_hope,soft_hope,departure_motion,relational_phrase,approved,rule,[],,保留：关系或过程表达自然，仍给读者留下投射空间
sb_207,好运挡不住,Luck unstoppable,美好祝福,social_text,S59,external_observed,external_source_recorded_no_clearance_claim,fresh_initial_content_review,retire,result_guarantee,retired,,,blessing,luck_blessing,blessing_wish,stance_sentence,archived,rule,[],,退出：把愿望写成确定结果，承诺过满
sb_208,无忧亦无惧,"Carefree, unafraid",生活态度,social_text,S59,external_observed,external_source_recorded_no_clearance_claim,fresh_initial_content_review,keep,approved_initial,active,,,self_stance,light_comfort,daily_observation,stance_sentence,approved,rule,[],,保留：短句自然，有人味，能在静屏上独立成立
sb_209,向前看,Eyes forward,行动鼓励,social_text,S59,external_observed,external_source_recorded_no_clearance_claim,fresh_initial_content_review,keep,approved_initial,active,,,departure,gentle_departure,daily_observation,departure_action,approved,rule,[],,保留：短句自然，有人味，能在静屏上独立成立
sb_210,好心情正发芽,A good mood takes root,治愈劝慰,social_text,S59,external_observed,external_source_recorded_no_clearance_claim,fresh_initial_content_review,keep,approved_initial,active,,,soft_hope,soft_hope,hope_arrival,process_arrival,approved,rule,[],,保留：关系或过程表达自然，仍给读者留下投射空间
sb_212,注入满满元气,Infuse full vitality,状态鼓励,social_text,S59,external_observed,external_source_recorded_no_clearance_claim,fresh_initial_content_review,keep,approved_initial,active,元气满满,Full of good energy,self_stance,light_comfort,daily_observation,short_state,approved,rule,[],「元气满满」,保留：短句自然，有人味，能在静屏上独立成立
sb_213,追光的人会发光,Light-chasers glow,行动鼓励,social_text,S59,external_observed,external_source_recorded_no_clearance_claim,fresh_initial_content_review,keep,approved_initial,active,,,departure,gentle_departure,daily_observation,medium_action,approved,rule,[],,保留：短句自然，有人味，能在静屏上独立成立
sb_214,你自信又坦荡,"You, bold and open",自我肯定,social_text,S59,external_observed,external_source_recorded_no_clearance_claim,fresh_initial_content_review,retire,slogan_or_template,retired,,,self_stance,light_comfort,self_stance,medium_state,archived,rule,[],,退出：广告、励志口号或社交媒体模板感过强
sb_215,人生无限可能,"Life, infinite maybe",未来祝福,social_text,S59,external_observed,external_source_recorded_no_clearance_claim,fresh_initial_content_review,retire,result_guarantee,retired,,,soft_hope,soft_hope,daily_observation,stance_sentence,archived,rule,[],,退出：把愿望写成确定结果，承诺过满
sb_216,保持出发的心情,Keep the leaving mood,行动鼓励,social_text,S59,external_observed,external_source_recorded_no_clearance_claim,fresh_initial_content_review,retire,directive_or_preachy,retired,,,departure,gentle_departure,departure_motion,stance_sentence,archived,rule,[],,退出：命令、训诫或自我管理口吻过强，替读者下结论
sb_217,美好不期而至,Something lovely arrives unannounced,美好祝福,social_text,S59,external_observed,external_source_recorded_no_clearance_claim,fresh_initial_content_review,keep,approved_initial,active,,,soft_hope,soft_hope,daily_observation,stance_sentence,approved,rule,[],,保留：关系或过程表达自然，仍给读者留下投射空间
sb_218,心动不如行动,Heartbeat to motion,行动鼓励,social_text,S59,external_observed,external_source_recorded_no_clearance_claim,fresh_initial_content_review,keep,approved_initial,active,,,departure,gentle_departure,self_stance,stance_sentence,approved,rule,[],,保留：短句自然，有人味，能在静屏上独立成立
sb_219,自有明月照山河,The moon lights mountains and rivers,诗性意象,social_text,S59,external_observed,external_source_recorded_no_clearance_claim,fresh_initial_content_review,keep,approved_initial,active,,,landscape,daily_romance,distance_landscape,landscape_image,approved,rule,[],,保留：具体物象和季节触感能独立承载情绪
sb_220,将来胜过往,Tomorrow beats yesterday,未来祝福,social_text,S59,external_observed,external_source_recorded_no_clearance_claim,fresh_initial_content_review,retire,duplicate,retired,,,soft_hope,soft_hope,daily_observation,medium_action,archived,rule,[],,退出：与更自然或更有画面的保留条目语义重复
sb_221,成为自己的宇宙,A cosmos of your own,自我肯定,social_text,S59,external_observed,external_source_recorded_no_clearance_claim,fresh_initial_content_review,keep,approved_initial,active,,,self_stance,light_comfort,self_stance,medium_state,approved,rule,[],,保留：短句自然，有人味，能在静屏上独立成立
sb_222,新一年多爱自己,"New year, more self-love",自我肯定,social_text,S59,external_observed,external_source_recorded_no_clearance_claim,fresh_initial_content_review,keep,approved_initial,active,,,connection,daily_romance,connection,time_observation,approved,manual,"[""festival:new_year""]",元旦限定,保留：关系或过程表达自然，仍给读者留下投射空间
sb_227,与万事言和,At peace with all things,治愈劝慰,social_text,S59,external_observed,external_source_recorded_no_clearance_claim,fresh_initial_content_review,keep,approved_initial,active,,,rest,light_comfort,daily_observation,relational_phrase,approved,rule,[],,保留：给出轻安顿或时间观察，没有要求读者表态
sb_228,执手天涯,"Hand in hand, to the horizon",情感表达,social_text,S59,external_observed,external_source_recorded_no_clearance_claim,fresh_initial_content_review,retire,slogan_or_template,retired,,,connection,daily_romance,connection,short_plain,archived,rule,[],,退出：广告、励志口号或社交媒体模板感过强
sb_236,去疯去爱,"Run wild, love hard",联名主题,image_verified,S60,external_observed,external_source_recorded_no_clearance_claim,fresh_initial_content_review,keep,approved_initial,active,,,connection,daily_romance,connection,departure_action,approved,rule,[],,保留：关系或过程表达自然，仍给读者留下投射空间
sb_237,有失有得,"Lose some, gain some",联名主题,image_verified,S60,external_observed,external_source_recorded_no_clearance_claim,fresh_initial_content_review,keep,approved_initial,active,,,daily_observation,daily_romance,daily_observation,short_plain,approved,rule,[],,保留：短句自然，有人味，能在静屏上独立成立
sb_238,此刻纯真,"This moment, pure",联名主题,image_verified,S60,external_observed,external_source_recorded_no_clearance_claim,fresh_initial_content_review,keep,approved_initial,active,,,daily_observation,daily_romance,daily_observation,short_plain,approved,rule,[],,保留：短句自然，有人味，能在静屏上独立成立
sb_239,丢掉烦恼,Drop the worries,联名主题,image_verified,S60,external_observed,external_source_recorded_no_clearance_claim,fresh_initial_content_review,keep,approved_initial,active,,,daily_observation,daily_romance,daily_observation,short_plain,approved,rule,[],,保留：短句自然，有人味，能在静屏上独立成立
sb_240,知足此刻,"Enough, right now",联名主题,image_verified,S60,external_observed,external_source_recorded_no_clearance_claim,fresh_initial_content_review,keep,approved_initial,active,,,daily_observation,daily_romance,daily_observation,short_plain,approved,rule,[],,保留：短句自然，有人味，能在静屏上独立成立
sb_241,一起走吧,Walk on together,联名主题,image_verified,S60,external_observed,external_source_recorded_no_clearance_claim,fresh_initial_content_review,keep,approved_initial,active,,,departure,gentle_departure,departure_motion,departure_action,approved,rule,[],,保留：短句自然，有人味，能在静屏上独立成立
sb_242,勾勾手,Pinky promise,联名主题,image_verified,S60,external_observed,external_source_recorded_no_clearance_claim,fresh_initial_content_review,keep,approved_initial,active,,,connection,daily_romance,connection,short_plain,approved,rule,[],,保留：关系或过程表达自然，仍给读者留下投射空间
sb_243,逆风飞翔,Fly against wind,联名主题,image_verified,S60,external_observed,external_source_recorded_no_clearance_claim,fresh_initial_content_review,retire,slogan_or_template,retired,,,landscape,daily_romance,sky_wind,short_image,archived,rule,[],,退出：广告、励志口号或社交媒体模板感过强
sb_244,抓住夏天,Catch the summer,联名主题,image_verified,S60,external_observed,external_source_recorded_no_clearance_claim,fresh_initial_content_review,retire,directive_or_preachy,retired,,,seasonal_image,daily_romance,seasonal_nature,short_plain,archived,rule,"[""season:summer""]",,退出：命令、训诫或自我管理口吻过强，替读者下结论
sb_245,宜见面,A good day to meet,情感表达,social_text,S61,external_observed,external_source_recorded_no_clearance_claim,fresh_initial_content_review,keep,approved_initial,active,,,connection,daily_romance,connection,blessing_parallel,approved,rule,[],,保留：关系或过程表达自然，仍给读者留下投射空间
sb_246,答案在路上,Answers still en route,治愈劝慰,social_text,S61,external_observed,external_source_recorded_no_clearance_claim,fresh_initial_content_review,keep,approved_initial,active,,,soft_hope,soft_hope,departure_motion,process_arrival,approved,rule,[],,保留：关系或过程表达自然，仍给读者留下投射空间
sb_247,好消息加载中,Good news is loading,美好祝福,image_verified,S61,external_observed,external_source_recorded_no_clearance_claim,fresh_initial_content_review,keep,approved_initial,active,,,soft_hope,soft_hope,hope_arrival,process_arrival,approved,rule,[],,保留：关系或过程表达自然，仍给读者留下投射空间
sb_248,不追风时吹吹风,Stop chasing wind; feel it pass,治愈劝慰,image_verified,S61,external_observed,external_source_recorded_no_clearance_claim,fresh_initial_content_review,retire,awkward_or_generic,retired,,,landscape,daily_romance,sky_wind,stance_sentence,archived,rule,[],,退出：表达生硬、偏泛或缺少可感知的画面与关系
sb_249,把快乐加满,Fill joy to brim,美好祝福,image_verified,S61,external_observed,external_source_recorded_no_clearance_claim,fresh_initial_content_review,retire,directive_or_preachy,retired,,,blessing,luck_blessing,daily_observation,medium_blessing,archived,rule,[],,退出：命令、训诫或自我管理口吻过强，替读者下结论
sb_250,每天明媚媚,Bright every day,美好祝福,image_verified,S61,external_observed,external_source_recorded_no_clearance_claim,fresh_initial_content_review,retire,slogan_or_template,retired,,,blessing,luck_blessing,daily_mood,mood_state,archived,rule,[],,退出：广告、励志口号或社交媒体模板感过强
sb_251,允许一切发生,Let all unfold,治愈劝慰,image_verified,S61,external_observed,external_source_recorded_no_clearance_claim,fresh_initial_content_review,retire,directive_or_preachy,retired,,,rest,light_comfort,daily_observation,stance_sentence,archived,rule,[],,退出：命令、训诫或自我管理口吻过强，替读者下结论
sb_252,心愿得偿,Wishes come true,美好祝福,image_verified,S61,external_observed,external_source_recorded_no_clearance_claim,fresh_initial_content_review,keep,approved_initial,active,,,blessing,luck_blessing,blessing_wish,blessing_parallel,approved,rule,[],,保留：作为初始好运签简短自然，未因假定曝光而降级
sb_254,可爱第一名,Cutest rank one,自我肯定,image_verified,S62,external_observed,external_source_recorded_no_clearance_claim,fresh_initial_content_review,keep,approved_initial,active,,,connection,daily_romance,connection,medium_state,approved,rule,[],,保留：关系或过程表达自然，仍给读者留下投射空间
sb_255,桃气启新芳,"Peach scent, fresh bloom",节日祝福,image_verified,S62,external_observed,external_source_recorded_no_clearance_claim,fresh_initial_content_review,retire,low_signal_or_narrow,retired,,,blessing,luck_blessing,daily_observation,medium_blessing,archived,rule,"[""festival:spring_festival""]",,退出：独立成签的信息量不足，或场景过窄
sb_256,家人健康,May the family stay well,美好祝福,image_verified,S62,external_observed,external_source_recorded_no_clearance_claim,fresh_initial_content_review,retire,awkward_or_generic,retired,,,connection,daily_romance,connection,short_blessing,archived,rule,[],,退出：表达生硬、偏泛或缺少可感知的画面与关系
sb_257,新一年蓄力向上,"New year, charge upward",新年祝福,image_verified,S62,external_observed,external_source_recorded_no_clearance_claim,fresh_initial_content_review,keep,approved_initial,active,,,blessing,luck_blessing,time_reflection,departure_action,approved,manual,"[""festival:new_year""]",新年限定,保留：作为初始好运签简短自然，未因假定曝光而降级
sb_258,向快乐出发,"Toward joy, depart",行动鼓励,image_verified,S62,external_observed,external_source_recorded_no_clearance_claim,fresh_initial_content_review,retire,directive_or_preachy,retired,,,departure,gentle_departure,departure_motion,departure_action,archived,rule,[],,退出：命令、训诫或自我管理口吻过强，替读者下结论
sb_259,咖啡自由,Coffee freedom,生活态度,image_verified,S62,external_observed,external_source_recorded_no_clearance_claim,fresh_initial_content_review,keep,approved_initial,active,,,self_stance,light_comfort,self_stance,short_state,approved,rule,[],,保留：短句自然，有人味，能在静屏上独立成立
sb_260,兔里兔气,A bit bunny-ish,节日祝福,image_verified,S62,external_observed,external_source_recorded_no_clearance_claim,fresh_initial_content_review,retire,awkward_or_generic,retired,,,blessing,luck_blessing,daily_observation,short_blessing,archived,rule,"[""festival:spring_festival""]",,退出：表达生硬、偏泛或缺少可感知的画面与关系
sb_261,给你所有好运,All luck to you,美好祝福,image_verified,S62,external_observed,external_source_recorded_no_clearance_claim,fresh_initial_content_review,retire,result_guarantee,retired,,,blessing,luck_blessing,blessing_wish,blessing_parallel,archived,rule,[],,退出：把愿望写成确定结果，承诺过满
sb_262,十全十美,Ten of ten perfect,美好祝福,image_verified,S62,external_observed,external_source_recorded_no_clearance_claim,fresh_initial_content_review,keep,approved_initial,active,,,blessing,luck_blessing,daily_observation,short_blessing,approved,rule,[],,保留：作为初始好运签简短自然，未因假定曝光而降级
sb_263,苹苹安安,"Peace, apple by apple",节日祝福,image_verified,S62,external_observed,external_source_recorded_no_clearance_claim,fresh_initial_content_review,keep,approved_initial,active,,,blessing,luck_blessing,daily_observation,short_blessing,approved,manual,"[""festival:christmas""]",圣诞节限定,保留：作为初始好运签简短自然，未因假定曝光而降级
sb_264,有梦可期,Dreams within reach,未来祝福,image_verified,S62,external_observed,external_source_recorded_no_clearance_claim,fresh_initial_content_review,keep,approved_initial,active,,,soft_hope,soft_hope,hope_arrival,short_blessing,approved,rule,[],,保留：关系或过程表达自然，仍给读者留下投射空间
sb_265,听从内心,Listen inside,生活态度,image_verified,S62,external_observed,external_source_recorded_no_clearance_claim,fresh_initial_content_review,keep,approved_initial,active,,,self_stance,light_comfort,self_stance,stance_short,approved,rule,[],,保留：短句自然，有人味，能在静屏上独立成立
sb_266,总有远方可奔赴,Always a far place to go,前路祝福,image_verified,S62,external_observed,external_source_recorded_no_clearance_claim,fresh_initial_content_review,keep,approved_initial,active,奔赴,Set forth,soft_hope,soft_hope,departure_motion,departure_action,approved,rule,[],「奔赴」,保留：关系或过程表达自然，仍给读者留下投射空间
sb_267,眉目舒展,Brows unfurrowed,治愈劝慰,image_verified,S62,external_observed,external_source_recorded_no_clearance_claim,fresh_initial_content_review,keep,approved_initial,active,,,rest,light_comfort,rest_pause,rest_state,approved,rule,[],,保留：给出轻安顿或时间观察，没有要求读者表态
sb_268,随心随性,"Heart-led, free-spirited",生活态度,image_verified,S62,external_observed,external_source_recorded_no_clearance_claim,fresh_initial_content_review,keep,approved_initial,active,,,self_stance,light_comfort,self_stance,short_state,approved,rule,[],,保留：短句自然，有人味，能在静屏上独立成立
sb_269,但行前路不辜负,"Walk on, and leave no one behind",前路祝福,image_verified,S62,external_observed,external_source_recorded_no_clearance_claim,fresh_initial_content_review,retire,slogan_or_template,retired,,,soft_hope,soft_hope,departure_motion,stance_sentence,archived,rule,[],,退出：广告、励志口号或社交媒体模板感过强
sb_270,开心做自己,Happy being you,自我肯定,image_verified,S62,external_observed,external_source_recorded_no_clearance_claim,fresh_initial_content_review,retire,directive_or_preachy,retired,,,daily_mood,daily_romance,daily_mood,mood_state,archived,rule,[],,退出：命令、训诫或自我管理口吻过强，替读者下结论
sb_271,有动力，有方向,Drive and direction,行动鼓励,image_verified,S62,external_observed,external_source_recorded_no_clearance_claim,fresh_initial_content_review,retire,slogan_or_template,retired,,,departure,gentle_departure,daily_observation,departure_action,archived,rule,[],,退出：广告、励志口号或社交媒体模板感过强
sb_272,努力沉淀,Earn your depth,行动鼓励,image_verified,S62,external_observed,external_source_recorded_no_clearance_claim,fresh_initial_content_review,keep,approved_initial,active,,,departure,gentle_departure,daily_observation,short_state,approved,rule,[],,保留：短句自然，有人味，能在静屏上独立成立
sb_273,新年暴富,"New year, sudden wealth",新年祝福,image_verified,S62,external_observed,external_source_recorded_no_clearance_claim,fresh_initial_content_review,keep,approved_initial,active,,,blessing,luck_blessing,time_reflection,time_observation,approved,manual,"[""festival:new_year""]",新年限定,保留：作为初始好运签简短自然，未因假定曝光而降级
sb_274,美好正在路上,Something lovely is on its way,美好祝福,image_verified,S62,external_observed,external_source_recorded_no_clearance_claim,fresh_initial_content_review,keep,approved_initial,active,,,soft_hope,soft_hope,departure_motion,process_arrival,approved,rule,[],,保留：关系或过程表达自然，仍给读者留下投射空间
sb_275,热爱经久不息,Passion long-burning,生活鼓励,image_verified,S62,external_observed,external_source_recorded_no_clearance_claim,fresh_initial_content_review,keep,approved_initial,active,,,connection,daily_romance,connection,stance_sentence,approved,rule,[],,保留：关系或过程表达自然，仍给读者留下投射空间
sb_276,今天起 新开始,"From today, restart",行动鼓励,image_verified,S62,external_observed,external_source_recorded_no_clearance_claim,fresh_initial_content_review,retire,low_signal_or_narrow,retired,,,departure,gentle_departure,daily_observation,medium_action,archived,rule,[],,退出：独立成签的信息量不足，或场景过窄
sb_277,时光清浅,"Time, clear and unhurried",诗性意象,image_verified,S62,external_observed,external_source_recorded_no_clearance_claim,fresh_initial_content_review,keep,approved_initial,active,,,lyric_image,lyric_image,time_reflection,time_observation,approved,rule,[],,保留：短句自然，有人味，能在静屏上独立成立
sb_278,明媚的日子奔来,Bright days rushing in,美好祝福,image_verified,S62,external_observed,external_source_recorded_no_clearance_claim,fresh_initial_content_review,keep,approved_initial,active,明媚,Radiance,blessing,luck_blessing,daily_mood,mood_state,approved,rule,[],「明媚」,保留：作为初始好运签简短自然，未因假定曝光而降级
sb_279,所愿皆成真,"All wished-for, real",美好祝福,image_verified,S62,external_observed,external_source_recorded_no_clearance_claim,fresh_initial_content_review,retire,result_guarantee,retired,,,blessing,luck_blessing,blessing_wish,blessing_parallel,archived,rule,[],,退出：把愿望写成确定结果，承诺过满
sb_280,逐梦可乘凉,Chase dreams in shade,行动鼓励,image_verified,S62,external_observed,external_source_recorded_no_clearance_claim,fresh_initial_content_review,retire,awkward_or_generic,retired,,,departure,gentle_departure,rest_pause,medium_action,archived,rule,"[""season:summer""]",,退出：表达生硬、偏泛或缺少可感知的画面与关系
sb_281,云朵也自由,Even clouds roam free,自由浪漫,image_verified,S62,external_observed,external_source_recorded_no_clearance_claim,fresh_initial_content_review,retire,awkward_or_generic,retired,,,landscape,daily_romance,sky_wind,relational_phrase,archived,rule,[],,退出：表达生硬、偏泛或缺少可感知的画面与关系
sb_282,远方自明朗,The far horizon grows clear,前路祝福,image_verified,S62,external_observed,external_source_recorded_no_clearance_claim,fresh_initial_content_review,retire,awkward_or_generic,retired,,,soft_hope,soft_hope,distance_landscape,departure_action,archived,rule,[],,退出：表达生硬、偏泛或缺少可感知的画面与关系
sb_286,昂首前瞻,"Head high, look on",行动鼓励,image_verified,S62,external_observed,external_source_recorded_no_clearance_claim,fresh_initial_content_review,keep,approved_initial,active,,,departure,gentle_departure,daily_observation,short_state,approved,rule,[],,保留：短句自然，有人味，能在静屏上独立成立
sb_287,自然会相逢,Paths cross in their own time,情感表达,image_verified,S62,external_observed,external_source_recorded_no_clearance_claim,fresh_initial_content_review,retire,awkward_or_generic,retired,,,connection,daily_romance,connection,medium_plain,archived,rule,[],,退出：表达生硬、偏泛或缺少可感知的画面与关系
sb_288,过滤烦恼,Filter the frets,治愈劝慰,image_verified,S62,external_observed,external_source_recorded_no_clearance_claim,fresh_initial_content_review,keep,approved_initial,active,,,rest,light_comfort,daily_observation,short_state,approved,rule,[],,保留：给出轻安顿或时间观察，没有要求读者表态
sb_289,保持好奇心,Keep curiosity alive,生活态度,image_verified,S62,external_observed,external_source_recorded_no_clearance_claim,fresh_initial_content_review,keep,approved_initial,active,,,daily_mood,daily_romance,daily_mood,stance_sentence,approved,rule,[],,保留：短句自然，有人味，能在静屏上独立成立
sb_290,风动心也动,"Wind stirs, so does the heart",情感表达,image_verified,S62,external_observed,external_source_recorded_no_clearance_claim,fresh_initial_content_review,retire,awkward_or_generic,retired,,,landscape,daily_romance,sky_wind,relational_phrase,archived,rule,[],,退出：表达生硬、偏泛或缺少可感知的画面与关系
sb_291,心情明媚,A sunlit mood,状态鼓励,image_verified,S62,external_observed,external_source_recorded_no_clearance_claim,fresh_initial_content_review,keep,approved_initial,active,,,daily_mood,daily_romance,daily_mood,mood_state,approved,rule,[],,保留：短句自然，有人味，能在静屏上独立成立
sb_292,循梦而行,Walk the dream line,行动鼓励,image_verified,S62,external_observed,external_source_recorded_no_clearance_claim,fresh_initial_content_review,keep,approved_initial,active,,,departure,gentle_departure,daily_observation,short_state,approved,rule,[],,保留：短句自然，有人味，能在静屏上独立成立
sb_293,美好不期而遇,Beauty meets by chance,美好祝福,image_verified,S62,external_observed,external_source_recorded_no_clearance_claim,fresh_initial_content_review,keep,approved_initial,active,,,soft_hope,soft_hope,daily_observation,stance_sentence,approved,rule,[],,保留：关系或过程表达自然，仍给读者留下投射空间
sb_294,万象更新,Everything begins anew,新年祝福,image_verified,S62,external_observed,external_source_recorded_no_clearance_claim,fresh_initial_content_review,keep,approved_initial,active,,,blessing,luck_blessing,daily_observation,short_blessing,approved,rule,"[""festival:spring_festival""]",,保留：作为初始好运签简短自然，未因假定曝光而降级
sb_295,无限好运,Luck without limit,美好祝福,image_verified,S62,external_observed,external_source_recorded_no_clearance_claim,fresh_initial_content_review,keep,approved_initial,active,,,blessing,luck_blessing,blessing_wish,stance_short,approved,rule,[],,保留：作为初始好运签简短自然，未因假定曝光而降级
sb_297,值得记录,Worth the jotting down,生活态度,image_verified,S63,external_observed,external_source_recorded_no_clearance_claim,fresh_initial_content_review,keep,approved_initial,active,,,self_stance,light_comfort,daily_observation,short_state,approved,rule,[],,保留：短句自然，有人味，能在静屏上独立成立
sb_299,无所不达,Nothing out of reach,前路祝福,image_verified,S63,external_observed,external_source_recorded_no_clearance_claim,fresh_initial_content_review,retire,result_guarantee,retired,,,soft_hope,soft_hope,daily_observation,stance_short,archived,rule,[],,退出：把愿望写成确定结果，承诺过满
sb_300,慢慢懂得,Understanding comes slowly,生活态度,social_text,S64,external_observed,external_source_recorded_no_clearance_claim,fresh_initial_content_review,keep,approved_initial,active,,,time_reflection,quiet_mirror,time_reflection,time_observation,approved,rule,[],,保留：给出轻安顿或时间观察，没有要求读者表态
sb_302,保持好奇,Stay curious,生活态度,image_verified,S66,external_observed,external_source_recorded_no_clearance_claim,fresh_initial_content_review,keep,approved_initial,active,,,daily_mood,daily_romance,daily_mood,stance_short,approved,rule,[],,保留：短句自然，有人味，能在静屏上独立成立
sb_304,解锁新成就,New achievement unlocked,行动鼓励,image_verified,S67,external_observed,external_source_recorded_no_clearance_claim,fresh_initial_content_review,keep,approved_initial,active,,,departure,gentle_departure,daily_observation,medium_action,approved,rule,[],,保留：短句自然，有人味，能在静屏上独立成立
sb_2001,来杯冰美式,"An iced americano, please",季节心情,generated,GEN2,editorial_original,editorial_origin_recorded,fresh_initial_content_review,keep,approved_initial,active,,,seasonal_image,daily_romance,seasonal_nature,medium_plain,approved,rule,"[""season:summer""]",,保留：具体物象和季节触感能独立承载情绪
sb_2002,第一口冰咖啡最上头,First sip of iced coffee hits,季节心情,generated,GEN2,editorial_original,editorial_origin_recorded,fresh_initial_content_review,retire,low_signal_or_narrow,retired,,,seasonal_image,daily_romance,seasonal_nature,long_sentence,archived,rule,"[""season:summer""]",,退出：独立成签的信息量不足，或场景过窄
sb_2003,空调和西瓜不能少,"AC and watermelon, non-negotiable",季节心情,generated,GEN2,editorial_original,editorial_origin_recorded,fresh_initial_content_review,retire,low_signal_or_narrow,retired,,,seasonal_image,daily_romance,seasonal_nature,stance_sentence,archived,rule,"[""season:summer""]",,退出：独立成签的信息量不足，或场景过窄
sb_2004,今天又想吃冰的了,Craving something icy again,季节心情,generated,GEN2,editorial_original,editorial_origin_recorded,fresh_initial_content_review,retire,low_signal_or_narrow,retired,,,seasonal_image,daily_romance,seasonal_nature,long_sentence,archived,rule,"[""season:summer""]",,退出：独立成签的信息量不足，或场景过窄
sb_2005,傍晚的风总算凉了,The evening breeze has finally cooled,季节心情,generated,GEN2,editorial_original,editorial_origin_recorded,fresh_initial_content_review,retire,awkward_or_generic,retired,,,seasonal_image,daily_romance,sky_wind,landscape_image,archived,manual,"[""season:summer""]",,退出：表达生硬、偏泛或缺少可感知的画面与关系
sb_2006,楼下的青蛙好聒噪,Frogs downstairs won't hush,季节心情,generated,GEN2,editorial_original,editorial_origin_recorded,fresh_initial_content_review,keep,approved_initial,active,,,seasonal_image,daily_romance,seasonal_nature,long_sentence,approved,manual,"[""season:summer""]",夏天限定,保留：具体物象和季节触感能独立承载情绪
sb_2021,妈妈包的粽子最好吃,Mom's zongzi are the best,节日祝福,generated,GEN2,editorial_original,editorial_origin_recorded,fresh_initial_content_review,keep,approved_initial,active,,,blessing,luck_blessing,daily_observation,long_sentence,approved,manual,"[""festival:dragon_boat""]",端午节限定,保留：作为初始好运签简短自然，未因假定曝光而降级
sb_2022,甜粽还是咸粽你站哪边,Sweet or savory zongzi?,节日祝福,generated,GEN2,editorial_original,editorial_origin_recorded,fresh_initial_content_review,keep,approved_initial,active,甜还是咸,Sweet or savory?,blessing,luck_blessing,daily_observation,short_blessing,approved,manual,"[""festival:dragon_boat""]",「甜还是咸」 端午节限定,保留：作为初始好运签简短自然，未因假定曝光而降级
sb_2023,月亮今晚好像特别圆,The moon looks especially full tonight,节日祝福,generated,GEN2,editorial_original,editorial_origin_recorded,fresh_initial_content_review,retire,awkward_or_generic,retired,,,landscape,daily_romance,daily_observation,stance_sentence,archived,rule,"[""festival:mid_autumn""]",,退出：表达生硬、偏泛或缺少可感知的画面与关系
sb_2035,一年已经过半了,Half the year has already passed,人生感怀,generated,GEN2,editorial_original,editorial_origin_recorded,fresh_initial_content_review,retire,awkward_or_generic,retired,,,time_reflection,quiet_mirror,time_reflection,time_observation,archived,manual,"[""month:7""]",,退出：表达生硬、偏泛或缺少可感知的画面与关系
sb_2041,下雨天最适合赖床,Rainy days are made for sleeping in,季节画面,generated,GEN2,editorial_original,editorial_origin_recorded,fresh_initial_content_review,retire,awkward_or_generic,retired,,,seasonal_image,daily_romance,weather_rain,landscape_image,archived,rule,"[""weather:rain""]",,退出：表达生硬、偏泛或缺少可感知的画面与关系
sb_2042,站在能分割世界的桥,On a bridge that divides the world,诗性意象,user_provided,USER,user_provided,rights_cleared,fresh_initial_content_review,keep,approved_initial,active,,,lyric_image,lyric_image,distance_landscape,long_sentence,approved,rule,[],,保留：短句自然，有人味，能在静屏上独立成立
sb_2043,等一场雨,Waiting for rain,季节画面,generated,GEN5,editorial_original,editorial_origin_recorded,fresh_initial_content_review,keep,approved_initial,active,,,seasonal_image,daily_romance,weather_rain,process_arrival,approved,rule,[],,保留：具体物象和季节触感能独立承载情绪
sb_2044,雨后有微光,A glimmer after rain,前路祝福,generated,GEN5,editorial_original,editorial_origin_recorded,fresh_initial_content_review,keep,approved_initial,active,,,landscape,daily_romance,weather_rain,landscape_image,approved,rule,[],,保留：具体物象和季节触感能独立承载情绪
sb_2045,风过长街,Wind passes down the long street,旅途浪漫,generated,GEN5,editorial_original,editorial_origin_recorded,fresh_initial_content_review,keep,approved_initial,active,,,landscape,daily_romance,sky_wind,short_image,approved,rule,[],,保留：具体物象和季节触感能独立承载情绪
sb_2046,听蝉声,Listening to cicadas,季节画面,generated,GEN5,editorial_original,editorial_origin_recorded,fresh_initial_content_review,keep,approved_initial,active,,,seasonal_image,daily_romance,seasonal_nature,short_image,approved,rule,"[""season:summer"", ""season:autumn""]",,保留：具体物象和季节触感能独立承载情绪
sb_2047,长昼将尽,The long day is ending,季节画面,generated,GEN5,editorial_original,editorial_origin_recorded,fresh_initial_content_review,keep,approved_initial,active,,,seasonal_image,daily_romance,seasonal_nature,short_plain,approved,manual,"[""solar_term:xiazhi""]",夏至前后限定,保留：具体物象和季节触感能独立承载情绪
sb_2048,夏意半熟,"Summer, half-ripe",季节心情,generated,GEN5,editorial_original,editorial_origin_recorded,fresh_initial_content_review,keep,approved_initial,active,,,seasonal_image,daily_romance,seasonal_nature,short_plain,approved,rule,"[""season:summer""]",,保留：具体物象和季节触感能独立承载情绪
sb_2049,汗水发光,Sweat catches light,状态鼓励,generated,GEN5,editorial_original,editorial_origin_recorded,fresh_initial_content_review,keep,approved_initial,active,,,self_stance,light_comfort,daily_observation,short_state,approved,rule,[],,保留：短句自然，有人味，能在静屏上独立成立
sb_2050,歇会儿,Rest for a while,从容劝慰,generated,GEN5,editorial_original,editorial_origin_recorded,fresh_initial_content_review,keep,approved_initial,active,,,rest,light_comfort,rest_pause,rest_state,approved,rule,[],,保留：给出轻安顿或时间观察，没有要求读者表态
sb_2051,快乐冒泡,Joy bubbles up,即时心情,generated,GEN5,editorial_original,editorial_origin_recorded,fresh_initial_content_review,keep,approved_initial,active,,,daily_observation,daily_romance,daily_observation,short_plain,approved,rule,[],,保留：短句自然，有人味，能在静屏上独立成立
sb_2052,好运加冰,Luck on ice,美好祝福,generated,GEN5,editorial_original,editorial_origin_recorded,fresh_initial_content_review,keep,approved_initial,active,,,blessing,luck_blessing,blessing_wish,blessing_parallel,approved,manual,"[""season:summer""]",,保留：作为初始好运签简短自然，未因假定曝光而降级
sb_2053,雨停再走,Wait for the rain to stop,季节画面,generated,GEN6,editorial_original,editorial_origin_recorded,fresh_initial_content_review,keep,approved_initial,active,,,seasonal_image,daily_romance,weather_rain,departure_action,approved,rule,[],,保留：具体物象和季节触感能独立承载情绪
sb_2054,偷得浮生半日凉,A stolen half-day in the cool,生活态度,generated,GEN6,editorial_original,editorial_origin_recorded,fresh_initial_content_review,keep,approved_initial,active,,,self_stance,light_comfort,rest_pause,medium_plain,approved,manual,"[""season:summer""]",,保留：短句自然，有人味，能在静屏上独立成立
sb_2055,杯中有远山,Far hills in the cup,诗性意象,generated,GEN7,editorial_original,editorial_origin_recorded,fresh_initial_content_review,retire,awkward_or_generic,retired,,,landscape,daily_romance,distance_landscape,relational_phrase,archived,rule,[],,退出：表达生硬、偏泛或缺少可感知的画面与关系
sb_2056,青山不语,Green hills say nothing,诗性意象,generated,GEN7,editorial_original,editorial_origin_recorded,fresh_initial_content_review,keep,approved_initial,active,青山妩媚,"Green hills, graceful",landscape,daily_romance,distance_landscape,short_image,approved,rule,[],「青山妩媚」,保留：具体物象和季节触感能独立承载情绪
sb_2057,孤独海怪,A lonely sea monster,诗性意象,user_provided,USER,user_provided,rights_cleared,fresh_initial_content_review,keep,approved_initial,active,孤独的海怪,The lonely sea monster,landscape,daily_romance,distance_landscape,landscape_image,approved,rule,[],「孤独的海怪」,保留：具体物象和季节触感能独立承载情绪
sb_2058,蝉声稀,Cicada song grows sparse,季节画面,generated,GEN8,editorial_original,editorial_origin_recorded,fresh_initial_content_review,keep,approved_initial,active,,,seasonal_image,daily_romance,seasonal_nature,short_image,approved,rule,"[""season:summer"", ""season:autumn""]",,保留：具体物象和季节触感能独立承载情绪
sb_2059,囿于昼夜,Bound within day and night,诗性意象,user_provided,USER,user_provided,rights_cleared,fresh_initial_content_review,keep,approved_initial,active,,,lyric_image,lyric_image,time_reflection,time_observation,approved,rule,[],,保留：短句自然，有人味，能在静屏上独立成立
sb_2060,旧钟慢两分,The old clock runs two minutes slow,人生感怀,generated,GEN8,editorial_original,editorial_origin_recorded,fresh_initial_content_review,retire,awkward_or_generic,retired,,,time_reflection,quiet_mirror,time_reflection,time_observation,archived,rule,[],,退出：表达生硬、偏泛或缺少可感知的画面与关系
